"Method","Bias","MAD","MSE","MAPE","RSFE","Tracking_Signal","Next_Period_Forecast"
"Naive Forecasting",2081737.0952381,7072243.57142857,131636696087506,28.2546009469519,43716479,6.18141591963997,61687726
"Moving Average (3-Year)",4373238.28070175,9801843.10964912,161567991060152,32.1782695271792,83091527.3333333,8.4771329640582,56650915.3333333
"Weighted Moving Average",3793275.81578947,8797155.90394737,146995815553438,30.1235866598492,72072240.5,8.19267514261746,58072087.8
"Exponential Smoothing",4801967.63616003,9005744.90865457,134445764151953,29.3650117623018,100841320.359361,11.1974435632139,48223643.1078081
"Trend-Adjusted Exponential Smoothing",-2262689.33729203,6692365.69450636,103469287394180,28.0038433521619,-47516476.0831327,-7.10010155633576,53912011.466189
"Linear Trend Projection",5.58793544769287e-09,6675132.91077204,84333896749383,26.088510086665,1.26659870147705e-07,1.89748836226627e-14,50020511.7930195
